0;NONE;None;Keine;
OS_TITLE;mus_title;mus_title;mus_title;NONE;NONE;NONE;Title;Titel;
OS_LEVEL_UP;PL_BASIC;PL_FANFA1;NONE;NONE;NONE;PL_BASIC;Level Up!;Level-Up!;
OS_EVOLVED;PL_BASIC;PL_FANFA5;NONE;NONE;NONE;PL_BASIC;Evolved!;Entwickelt!;
OS_PKMN_CAPTURE;mus_caught;mus_caught;mus_caught;NONE;NONE;NONE;Capture!;Gefangen!;
OS_BADGE;PL_BASIC;PL_BADGE;NONE;NONE;NONE;PL_BASIC;Badge Obtained!;Orden Erhalten!;
OS_HEAL_PKMN;PL_BASIC;PL_ASA;NONE;NONE;NONE;PL_BASIC;Healed!;Geheilt!;
OS_SYMBOL;PL_BASIC;PL_POINTGET3;NONE;NONE;NONE;PL_BASIC;Symbol Obtained!;Symbol Erhalten!;
OS_CABLE_CAR;mus_cable_car;mus_cable_car;mus_cable_car;NONE;NONE;NONE;Cable Car;Seilbahn;
OS_FERRIS_WHEEL;BW_E_KANRANSYA;BW_E_KANRANSYA;NONE;NONE;NONE;BW_E_KANRANSYA;Ferris Wheel;Riesenrad;
OS_INISHIE;BW_E_INISHIE;BW_E_INISHIE;NONE;NONE;NONE;BW_E_INISHIE;Ancient Times;Antike Zeiten;
OS_CREDITS;mus_credits;mus_credits;mus_credits;NONE;NONE;NONE;Ending;Ending;
100;EVENT;Special Sounds;Spezielle Töne;
HELP_PROF_BIRCH;mus_help;mus_help;mus_help;NONE;NONE;NONE;Help!;Hilfe!;
SHOW_ME_AROUND;mus_follow_me;mus_follow_me;mus_follow_me;NONE;NONE;NONE;Show Me Around!;Führe Mich Herum!;
UNWAVERING_EMOTIONS;BW_E_EMOTION;BW_E_EMOTION;NONE;NONE;NONE;BW_E_EMOTION;Reunion;Wiedersehen;
GHOST_GIRL;PL_BASIC;A04_GHOST_GIRL;PL_BASIC;NONE;NONE;NONE;Ghost Girl;Geistchen;
EVOLVING;GS_BASIC;GS_SHINKA;NONE;NONE;NONE;GS_BASIC;Evolving;Entwicklung;
SURFING;mus_surf;mus_surf;mus_surf;NONE;NONE;NONE;Surfing;Auf See;
SURFING_ALT;mus_rg_surf;mus_rg_surf;mus_rg_surf;NONE;NONE;NONE;Surfing (alt);Auf See (var);
SAILING;mus_sailing;mus_sailing;mus_sailing;NONE;NONE;NONE;Sailing;Zu Schiff;
DIVING;BW_H_06;BW_H_06;NONE;NONE;NONE;BW_H_06;Diving;Unterwasser;
CYCLING;mus_cycling;mus_cycling;mus_cycling;NONE;NONE;NONE;Cycling;Zu Rad;
CYCLING_ALT;BW_BICYCLE;BW_BICYCLE;NONE;NONE;NONE;BW_BICYCLE;Cycling (alt);Zu Rad (var);
POKE_RADAR;PL_BASIC;PL_KUSAGASA;NONE;NONE;NONE;PL_BASIC;Poké Radar;Poké Radar;
DESERT;mus_route111;mus_route111;mus_route111;NONE;NONE;NONE;Weather: Sandstorm;Wetter: Sandsturm;
ESCAPE;PL_BASIC;PMDB_ESCAPE;NONE;NONE;NONE;PL_BASIC;Weather: Hail;Wetter: Hagel;
DROUGHT;mus_weather_groudon;mus_weather_groudon;mus_weather_groudon;NONE;NONE;NONE;Weather: Drought;Wetter: Dürre;
ABNORMAL_W;mus_abnormal_weather;mus_abnormal_weather;mus_abnormal_weather;NONE;NONE;NONE;Weather: Abnormal;Wetter: Abnormal;
MYSTERY_GIFT;PL_BASIC;PL_PRESENT;NONE;NONE;NONE;PL_BASIC;Mystery Gift;Geheimgeschehen;
200;BATTLE;Battle Sounds;Kampf-Töne;
ENCOUNTER_BRENDAN;mus_encounter_brendan;mus_encounter_brendan;mus_encounter_brendan;NONE;NONE;NONE;! Brendan;! Brix;
ENCOUNTER_MAY;mus_encounter_may;mus_encounter_may;mus_encounter_may;NONE;NONE;NONE;! May;! Maike;
ENCOUNTER_TEAM_A;mus_encounter_aqua;mus_encounter_aqua;mus_encounter_aqua;NONE;NONE;NONE;! Team A;! Team A;
ENCOUNTER_TEAM_M;mus_encounter_magma;mus_encounter_magma;mus_encounter_magma;NONE;NONE;NONE;! Team M;! Team M;
ENCOUNTER_ELECTRIC;mus_encounter_intense;mus_encounter_intense;mus_encounter_intense;NONE;NONE;NONE;! Guitarist;! Gitarrist;
ENCOUNTER_HIKER;mus_encounter_hiker;mus_encounter_hiker;mus_encounter_hiker;NONE;NONE;NONE;! Hiker;! Wanderer;
ENCOUNTER_SAILOR;mus_encounter_rich;mus_encounter_rich;mus_encounter_rich;NONE;NONE;NONE;! Sailor;! Seemann;
ENCOUNTER_TUBER;mus_encounter_girl;mus_encounter_girl;mus_encounter_girl;NONE;NONE;NONE;! Tuber;! Planscher;
ENCOUNTER_TWINS;mus_encounter_twins;mus_encounter_twins;mus_encounter_twins;NONE;NONE;NONE;! Twins;! Zwillinge;
ENCOUNTER_YOUNGSTER;mus_encounter_male;mus_encounter_male;mus_encounter_male;NONE;NONE;NONE;! Youngster;! Teenager;
ENCOUNTER_LASS;mus_encounter_female;mus_encounter_female;mus_encounter_female;NONE;NONE;NONE;! Lass;! Göre;
ENCOUNTER_PSYCHIC;mus_encounter_suspicious;mus_encounter_suspicious;mus_encounter_suspicious;NONE;NONE;NONE;! Psychic;! Psycho;
ENCOUNTER_BIKINI_LADY;mus_encounter_swimmer;mus_encounter_swimmer;mus_encounter_swimmer;NONE;NONE;NONE;! Bikini Lady;! Schwimmerin;
ENCOUNTER_ACE_TRAINER;mus_encounter_cool;mus_encounter_cool;mus_encounter_cool;NONE;NONE;NONE;! Ace Trainer;! Ass-Trainer;
ENCOUNTER_INTERVIEWERS;mus_encounter_interviewer;mus_encounter_interviewer;mus_encounter_interviewer;NONE;NONE;NONE;! Interviewers;! Reporter;
ENCOUNTER_EFOUR;mus_encounter_elite_four;mus_encounter_elite_four;mus_encounter_elite_four;NONE;NONE;NONE;! Elite 4;! Top 4;
ENCOUNTER_CHAMP;mus_encounter_champion;mus_encounter_champion;mus_encounter_champion;NONE;NONE;NONE;! Champ;! Champ;
ENCOUNTER_SHIRONA;PL_BASIC;PL_EYE_CHAMP;NONE;NONE;NONE;PL_BASIC;! Cynthia;! Cynthia;
BATTLE_TRAINER;mus_vs_trainer;mus_vs_trainer;mus_vs_trainer;NONE;NONE;NONE;VS Trainer;VS Trainer;
BATTLE_FRONTIER_TRAINER;HWEX_VS_SUBWAY_TRAINER;HWEX_VS_SUBWAY_TRAINER;NONE;NONE;NONE;HWEX_VS_SUBWAY_TRAINER;VS Frontier Trainer;VS Kampfzonen-Trainer;
BATTLE_MAY_BRENDAN;mus_vs_rival;mus_vs_rival;mus_vs_rival;NONE;NONE;NONE;VS Rival;VS Rivale;
BATTLE_TEAM_AM;mus_vs_aqua_magma;mus_vs_aqua_magma;mus_vs_aqua_magma;NONE;NONE;NONE;VS AM Grunt;VS AM Rüpel;
BATTLE_TEAM_AM_LEADER;mus_vs_aqua_magma_leader;mus_vs_aqua_magma_leader;mus_vs_aqua_magma_leader;NONE;NONE;NONE;VS AM Boss;VS AM Boss;
BATTLE_GYM_LEADER;BW_VS_RS_LEADER;BW_VS_RS_LEADER;NONE;NONE;NONE;BW_VS_RS_LEADER;VS Gym Leader;VS Arenaleiter;
BATTLE_SHITENNO;mus_vs_elite_four;mus_vs_elite_four;mus_vs_elite_four;NONE;NONE;NONE;VS E4;VS Top Vier;
BATTLE_CHAMPION;BW_VS_RS_CHAMP;BW_VS_RS_CHAMP;NONE;NONE;NONE;BW_VS_RS_CHAMP;VS Champion;VS Champ;
BATTLE_FRONTIER_BRAIN;mus_vs_frontier_brain;mus_vs_frontier_brain;mus_vs_frontier_brain;NONE;NONE;NONE;VS Frontier Brain;VS Kampfkoryphäe;
BATTLE_SHIRONA;PL_BGM_BATTLE;PL_BA_CHAMP;PL_BASIC;PL_BGM_BATTLE;NONE;NONE;VS Cynthia;VS Cynthia;
BATTLE_WILD;mus_vs_wild;mus_vs_wild;mus_vs_wild;NONE;NONE;NONE;VS Wild PKMN;VS Wildes PKMN;
BATTLE_WILD_ALT;PL_BASIC;RS_BATTLE_RARE_POKEMON;PL_BASIC;PL_BGM_BATTLE;NONE;NONE;VS Rare PKMN;VS RARE_PKMN;
BATTLE_REGI;BW_VS_REGI;BW_VS_REGI;NONE;NONE;NONE;BW_VS_REGI;VS Regi;VS Regi;
BATTLE_RAYQUAZA;GS_BATTLE1;GS_VS_KODAI;GS_BASIC;GS_BATTLE1;NONE;NONE;VS Rayquaza;VS Rayquaza;
BATTLE_DEOXYS;mus_rg_vs_deoxys;mus_rg_vs_deoxys;mus_rg_vs_deoxys;NONE;NONE;NONE;VS Deoxys;VS Deoxys;
BATTLE_MEWTWO;mus_rg_vs_mewtwo;mus_rg_vs_mewtwo;mus_rg_vs_mewtwo;NONE;NONE;NONE;VS Mewtwo;VS Mewtu;
BATTLE_MEW;mus_vs_mew;mus_vs_mew;mus_vs_mew;NONE;NONE;NONE;VS Mew;VS Mew;
BATTLE_SUICUNE;GS_BATTLE6;GS_VS_SUICUNE;NONE;NONE;GS_BASIC;GS_BATTLE6;VS Suicune;VS Suicune;
BATTLE_ENTEI;GS_BATTLE6;GS_VS_ENTEI;NONE;NONE;GS_BASIC;GS_BATTLE6;VS Entei;VS Entei;
BATTLE_RAIKOU;GS_BATTLE6;GS_VS_RAIKOU;NONE;NONE;GS_BASIC;GS_BATTLE6;VS Raikou;VS Raikou;
BATTLE_HOUOU;GS_BATTLE7;GS_VS_HOUOU;NONE;NONE;GS_BASIC;GS_BATTLE7;VS Ho-Oh;VS Ho-Oh;
BATTLE_LUGIA;GS_BATTLE8;GS_VS_LUGIA;NONE;NONE;GS_BASIC;GS_BATTLE8;VS Lugia;VS Lugia;
BATTLE_EX01;PL_BGM_BATTLE;PL_BA_POKE;PL_BASIC;PL_BGM_BATTLE;NONE;NONE;VS Sinnoh;VS Sinnoh;
BATTLE_LAKE;PL_BGM_BATTLE;PL_BA_DPOKE1;PL_BASIC;PL_BGM_BATTLE;NONE;NONE;VS Azelf/Mesprit/Uxie;VS Selfe/Vesprit/Tobutz;
BATTLE_DIALGA_PALKIA;PL_BGM_BATTLE;PL_BA_DPOKE2;PL_BASIC;PL_BGM_BATTLE;NONE;NONE;VS Dialga/Palkia;VS Dialga/Palkia;
BATTLE_GIRATINA;PL_BGM_BATTLE;PL_BA_GIRA;PL_BASIC;PL_BGM_BATTLE;NONE;NONE;VS Giratina;VS Giratina;
BATTLE_HEATRAN;PL_BGM_BATTLE;PL_BA_SECRET2;PL_BASIC;PL_BGM_BATTLE;NONE;NONE;VS Heatran;VS Heatran;
BATTLE_EX02;BW_VS_NORAPOKE;BW_VS_NORAPOKE;NONE;NONE;NONE;BW_VS_NORAPOKE;VS Unova;VS Einall;
BATTLE_EX03;BW_VS_TSUYOPOKE;BW_VS_TSUYOPOKE;NONE;NONE;NONE;BW_VS_TSUYOPOKE;VS Unova (alt);VS Einall (var);
VICTORY_WILD;mus_victory_wild;mus_victory_wild;mus_victory_wild;NONE;NONE;NONE;Victory: Wild PKMN;Sieg: Wildes PKMN;
VICTORY_TRAINER;mus_victory_trainer;mus_victory_trainer;mus_victory_trainer;NONE;NONE;NONE;Victory: Trainer;Sieg: Trainer;
VICTORY_TEAM_AM_GRUNT;mus_victory_aqua_magma;mus_victory_aqua_magma;mus_victory_aqua_magma;NONE;NONE;NONE;Victory: Team AM;Sieg: Team AM;
VICTORY_GYM_LEADER;mus_victory_gym_leader;mus_victory_gym_leader;mus_victory_gym_leader;NONE;NONE;NONE;Victory: Gym Leader;Sieg: Arenaleiter;
VICTORY_CHAMPION;mus_victory_league;mus_victory_league;mus_victory_league;NONE;NONE;NONE;Victory: Champion;Sieg: Champ;
VICTORY_FRONTIER_BRAIN;PL_BGM_BATTLE;PL_WINBRAIN;PL_BASIC;PL_BGM_BATTLE;NONE;NONE;Victory: Frontier Brain;Sieg: Kampfkoryphäe;
300;RS;Hoenn Sounds;Hoenn-Töne;
LITTLEROOT_TOWN;mus_littleroot_test;mus_littleroot_test;mus_littleroot_test;NONE;NONE;NONE;Littleroot Town;Wurzelheim;
OLDALE_TOWN;mus_oldale;mus_oldale;mus_oldale;NONE;NONE;NONE;Oldale Town;Rosaltstadt;
PETALBURG_CITY;mus_petalburg;mus_petalburg;mus_petalburg;NONE;NONE;NONE;Petalburg City;Blütenburg City;
RUSTBORO_CITY;mus_rustboro;mus_rustboro;mus_rustboro;NONE;NONE;NONE;Rustboro City;Metarost City;
DEWFORD_TOWN;mus_dewford;mus_dewford;mus_dewford;NONE;NONE;NONE;Dewford Town;Faustauhaven;
SLATEPORT_CITY;mus_slateport;mus_slateport;mus_slateport;NONE;NONE;NONE;Slateport City;Graphitport City;
VERDANTURF_TOWN;PL_BASIC;RS_VERDANTURF_TOWN;PL_BASIC;NONE;NONE;NONE;Verdanturf Town;Wiesenflur;
FALLARBOR_TOWN;mus_fallarbor;mus_fallarbor;mus_fallarbor;NONE;NONE;NONE;Fallarbor Town;Laubwechselfeld;
FORTREE_CITY;mus_fortree;mus_fortree;mus_fortree;NONE;NONE;NONE;Fortree City;Baumhausen City;
LILYCOVE_CITY;mus_lilycove;mus_lilycove;mus_lilycove;NONE;NONE;NONE;Lilycove City;Seegrasulb City;
NEW_LILYCOVE_CITY;PL_BASIC;RS_NEW_LILYCOVE_CITY;PL_BASIC;NONE;NONE;NONE;New Lilycove City;Neu-Seegrasulb City;
SOOTOPOLIS_CITY;mus_sootopolis;mus_sootopolis;mus_sootopolis;NONE;NONE;NONE;Sootopolis City;Xeneroville;
CLIFFELTA_CITY;PL_BASIC;RF_UNIVIR;PL_BASIC;NONE;NONE;NONE;Cliffelta City;Klippelta Clity;
BLOSSAND_TOWN;PL_BASIC;RF_LOVE;PL_BASIC;NONE;NONE;NONE;Blossand Town;Knossandia;
EVER_GRANDE_CITY;mus_ever_grande;mus_ever_grande;mus_ever_grande;NONE;NONE;NONE;Ever Grande City;Prachtpolis Clity;
POKEMON_LEAGUE;BW_POKEMON_LEAGUE;BW_POKEMON_LEAGUE;NONE;NONE;NONE;BW_POKEMON_LEAGUE;PKMN League;PKMN-Liga;
ROUTE_101;GS_BASIC;GS_RADIO_R_101;NONE;NONE;NONE;GS_BASIC;Route Theme 1;Routen-Thema 1;
ROUTE_104;PL_BASIC;RS_ROUTE_104;NONE;NONE;NONE;PL_BASIC;Route Theme 2;Routen-Thema 2;
ROUTE_110;mus_route110;mus_route110;mus_route110;NONE;NONE;NONE;Route Theme 3;Routen-Thema 3;
ROUTE_113;mus_route113;mus_route113;mus_route113;NONE;NONE;NONE;Route Theme 4;Routen-Thema 4;
ROUTE_119;mus_route119;mus_route119;mus_route119;NONE;NONE;NONE;Route Theme 5;Routen-Thema 5;
ROUTE_120;mus_route120;mus_route120;mus_route120;NONE;NONE;NONE;Route Theme 6;Routen-Thema 6;
ROUTE_123;mus_route122;mus_route122;mus_route122;NONE;NONE;NONE;Route Theme 7;Routen-Thema 7;
ROUTE_135;PL_BASIC;RS_ROUTE_135;NONE;NONE;NONE;PL_BASIC;Route Theme 8;Routen-Thema 8;
ROUTE_137;PL_BASIC;RS_ROUTE_137;NONE;NONE;NONE;PL_BASIC;Route Theme 9;Routen-Thema 9;
POKEMON_GYM;mus_gym;mus_gym;mus_gym;NONE;NONE;NONE;PKMN Gym;PKMN-Arena;
POKEMON_GYM2;PL_BGM_FIELD;PL_GYM;PL_BASIC;PL_BGM_FIELD;NONE;NONE;PKMN Gym (alt);PKMN-Arena (var);
POKEMON_CENTER;mus_rg_net_center;mus_rg_net_center;mus_rg_net_center;NONE;NONE;NONE;PKMN Center;PKMN-Center;
POKEMON_CENTER2;mus_poke_center;mus_poke_center;mus_poke_center;NONE;NONE;NONE;PKMN Center (alt);PKMN-Center (var);
POKEMON_MART;mus_poke_mart;mus_poke_mart;mus_poke_mart;NONE;NONE;NONE;PKMN Mart;PKMN-Markt;
PROF_BIRCH_LAB;mus_birch_lab;mus_birch_lab;mus_birch_lab;NONE;NONE;NONE;Prof. Birch's Lab;Prof. Birks Labor;
CAVE_FORESTS;mus_petalburg_woods;mus_petalburg_woods;mus_petalburg_woods;NONE;NONE;NONE;Cave/Forest;Höhle/Wald;
EX03;PL_BGM_FIELD;PL_TOWN03_N;PL_BASIC;PL_BGM_FIELD;NONE;NONE;Pretty Petal;Blütentraum;
TRAINER_SCHOOL;mus_school;mus_school;mus_school;NONE;NONE;NONE;Trainer School;Trainerschule;
ABANDONED_SHIP;mus_abandoned_ship;mus_abandoned_ship;mus_abandoned_ship;NONE;NONE;NONE;Abandoned Ship;Schiffswrack;
MARINE_SCIENCE_MUSEUM;mus_oceanic_museum;mus_oceanic_museum;mus_oceanic_museum;NONE;NONE;NONE;Oceanic Museum;Ozeanmuseum;
TRICK_HOUSE;mus_trick_house;mus_trick_house;mus_trick_house;NONE;NONE;NONE;Trick House;Rätselhaus;
NEW_MAUVILLE;BW_D_23;BW_D_23;NONE;NONE;NONE;BW_D_23;New Mauville;Neu-Malvenfroh;
MAUVILLE_GAME_CORNER;mus_game_corner;mus_game_corner;mus_game_corner;NONE;NONE;NONE;Mauville Game Corner;Spielhalle Malvenfroh;
MT_CHIMNEY;mus_mt_chimney;mus_mt_chimney;mus_mt_chimney;NONE;NONE;NONE;Mt. Chimney;Schlotberg;
METEOR_FALLS;mus_cave_of_origin;mus_cave_of_origin;mus_cave_of_origin;NONE;NONE;NONE;Meteor Falls;Meteorfälle;
SAFARI_ZONE;GS_FIELD18;GS_SAFARI_FIELD;GS_BASIC;GS_FIELD18;NONE;NONE;Safari Zone;Safari Zone;
LILYCOVE_MUSEUM;mus_lilycove_museum;mus_lilycove_museum;mus_lilycove_museum;NONE;NONE;NONE;Lilycove Museum;Seegrasulb-Museum;
MT_PYRE_PEAK;mus_mt_pyre_exterior;mus_mt_pyre_exterior;mus_mt_pyre_exterior;NONE;NONE;NONE;Mt. Pyre;Pyroberg;
TEAM_AM_HIDEOUT;mus_aqua_magma_hideout;mus_aqua_magma_hideout;mus_aqua_magma_hideout;NONE;NONE;NONE;Team AM Hideout;Team AM Versteck;
SHOAL_CAVE;mus_mt_pyre;mus_mt_pyre;mus_mt_pyre;NONE;NONE;NONE;Shoal Cave;Küstenhöhle;
VICTORY_ROAD;mus_victory_road;mus_victory_road;mus_victory_road;NONE;NONE;NONE;Victory Road;Siegesstraße;
SEALED_CHAMBER;BW_D_REGI;BW_D_REGI;NONE;NONE;NONE;BW_D_REGI;Sealed Chamber;Siegelkammer;
CRYSTAL_CAVERN;A06_CAVE_1;A06_CAVE_1;A06_CAVE_1;NONE;NONE;NONE;Crystal Cavern;Kristallgrotte;
INFINITY_CAVE;PMDS_HIDDEN_LAND;PMDS_HIDDEN_LAND;NONE;NONE;NONE;PMDS_HIDDEN_LAND;Infinity Cave;Endloshöhle;
CONTEST_LOBBY;mus_contest_lobby;mus_contest_lobby;mus_contest_lobby;NONE;NONE;NONE;Contest Lobby;Wettbewerbshalle;
HOF;mus_hall_of_fame_room;mus_hall_of_fame_room;mus_hall_of_fame_room;NONE;NONE;NONE;Hall of Fame;Ruhmeshalle;
BATTLE_FRONTIER;mus_b_frontier;mus_b_frontier;mus_b_frontier;NONE;NONE;NONE;Battle Frontier;Kampfzone;
BATTLE_ARENA;mus_b_arena;mus_b_arena;mus_b_arena;NONE;NONE;NONE;Battle Arena;Kampfarena;
BATTLE_PYRAMID;mus_b_pyramid;mus_b_pyramid;mus_b_pyramid;NONE;NONE;NONE;Battle Pyramid;Kampfpyramide;
BATTLE_PYRAMID_PEAK;mus_b_pyramid_top;mus_b_pyramid_top;mus_b_pyramid_top;NONE;NONE;NONE;Pyramid Peak;Pyramidengipfel;
BATTLE_TOWER;mus_b_tower;mus_b_tower;mus_b_tower;NONE;NONE;NONE;Battle Tower;Duellturm;
BATTLE_FACTORY;mus_b_factory;mus_b_factory;mus_b_factory;NONE;NONE;NONE;Battle Factory;Kampffabrik;
BATTLE_PALACE;mus_b_palace;mus_b_palace;mus_b_palace;NONE;NONE;NONE;Battle Palace;Kampfpalast;
BATTLE_PIKE;mus_b_pike;mus_b_pike;mus_b_pike;NONE;NONE;NONE;Battle Pike;Kampfvipitis;
BATTLE_DOME;mus_b_dome;mus_b_dome;mus_b_dome;NONE;NONE;NONE;Battle Dome;Kampfstadion;
BATTLE_DOME_LOBBY;mus_b_dome_lobby;mus_b_dome_lobby;mus_b_dome_lobby;NONE;NONE;NONE;Battle Dome (Lobby);Kampfstadion (Lobby);
400;GS;Johto Sounds;Johto-Töne;
NEW_BARK_TOWN;GS_FIELD1;GS_T_WAKABA;GS_BASIC;GS_FIELD1;NONE;NONE;New Bark Town;Neuborkia;
CHERRYGROVE_CITY;GS_FIELD1;GS_C_YOSHINO;GS_BASIC;GS_FIELD1;NONE;NONE;Cherrygrove City;Rosalia City;
VIOLET_CITY;GS_FIELD2;GS_C_KIKYOU;GS_BASIC;GS_FIELD2;NONE;NONE;Violet City;Viola City;
AZALEA_TOWN;GS_FIELD3;GS_T_HIWADA;GS_BASIC;GS_FIELD3;NONE;NONE;Azalea Town;Azalea City;
GOLDENROD_CITY;GS_FIELD4;GS_C_KOGANE;GS_BASIC;GS_FIELD4;NONE;NONE;Goldenrod City;Dukatia City;
ECRUTEAK_CITY;GS_FIELD5;GS_C_ENJU;GS_BASIC;GS_FIELD5;NONE;NONE;Ecruteak City;Teak City;
OLIVINE_CITY;GS_FIELD6;GS_C_ASAGI;GS_BASIC;GS_FIELD6;NONE;NONE;Olivine City;Oliviana City;
CIANWOOD_CITY;GS_FIELD6;GS_C_TANBA;GS_BASIC;GS_FIELD6;NONE;NONE;Cianwood City;Anemonia City;
MAHOGANY_TOWN;GS_FIELD7;GS_T_CHOUJI;GS_BASIC;GS_FIELD7;NONE;NONE;Mahogany Town;Mahagonia City;
BLACKTHORN_CITY;GS_FIELD8;GS_C_FUSUBE;GS_BASIC;GS_FIELD8;NONE;NONE;Blackthorn City;Ebenholz City;
ROUTE_29;GS_FIELD1;GS_R_1_29;GS_BASIC;GS_FIELD1;NONE;NONE;Johto Route Theme 1;Johto-Routen-Thema 1;
ROUTE_30;GS_FIELD1;GS_R_1_30;GS_BASIC;GS_FIELD1;NONE;NONE;Johto Route Theme 2;Johto-Routen-Thema 2;
ROUTE_34;GS_FIELD4;GS_R_4_34;GS_BASIC;GS_FIELD4;NONE;NONE;Johto Route Theme 3;Johto-Routen-Thema 3;
ROUTE_38;GS_FIELD6;GS_R_6_38;GS_BASIC;GS_FIELD6;NONE;NONE;Johto Route Theme 4;Johto-Routen-Thema 4;
ROUTE_42;GS_FIELD7;GS_R_7_42;GS_BASIC;GS_FIELD7;NONE;NONE;Johto Route Theme 5;Johto-Routen-Thema 5;
ROUTE_47;GS_FIELD18;GS_SAFARI_ROAD;GS_BASIC;GS_FIELD18;NONE;NONE;Johto Route Theme 6;Johto-Routen-Thema 6;
POKEMON_CENTER3;GS_FIELD1;GS_POKESEN;GS_BASIC;GS_FIELD1;NONE;NONE;PKMN Center;PKMN-Center;
POKEMON_MART2;GS_FIELD1;GS_FS;GS_BASIC;GS_FIELD1;NONE;NONE;PKMN Mart;PKMN-Markt;
PROF_ELM_LAB;GS_FIELD1;GS_UTSUGI_RABO;GS_BASIC;GS_FIELD1;NONE;NONE;Prof. Elm's Lab;Prof. Linds Labor;
NATIONAL_PARK;GS_DUNGEON5;GS_D_KOUEN;GS_BASIC;GS_DUNGEON5;NONE;NONE;National Park;Nationalpark;
DRAGON_DEN;GS_DUNGEON8;GS_RYUUNOANA;GS_BASIC;GS_DUNGEON8;NONE;NONE;Dragon's Den;Drachenhöhle;
500;RG;Kanto Sounds;Kanto-Töne;
PALLET_TOWN;GS_FIELD17;GS_T_MASARA;GS_BASIC;GS_FIELD17;NONE;NONE;Pallet Town;Alabastia;
VIRIDIAN_CITY;GS_FIELD9;GS_C_TOKIWA;GS_BASIC;GS_FIELD9;NONE;NONE;Viridian City;Vertania City;
PEWTER_CITY;GS_FIELD16;GS_C_NIBI;GS_BASIC;GS_FIELD16;NONE;NONE;Pewter City;Marmoria City;
CERULIAN_CITY;GS_FIELD12;GS_C_HANADA;GS_BASIC;GS_FIELD12;NONE;NONE;Cerulian City;Azuria City;
VERMILION_CITY;GS_FIELD10;GS_C_KUCHIBA;GS_BASIC;GS_FIELD10;NONE;NONE;Vermilion City;Orania City;
LAVENDER_TOWN;GS_FIELD13;GS_T_CHION;GS_BASIC;GS_FIELD13;NONE;NONE;Lavender Town;Lavandia;
CELADON_CITY;GS_FIELD14;GS_C_TAMAMUSHI;GS_BASIC;GS_FIELD14;NONE;NONE;Celadon City;Prismania City;
FUCHSIA_CITY;GS_FIELD15;GS_C_SEKICHIKU;GS_BASIC;GS_FIELD15;NONE;NONE;Fuchsia City;Fuchsania City;
SAFFRON_CITY;GS_FIELD11;GS_C_YAMABUKI;GS_BASIC;GS_FIELD11;NONE;NONE;Saffron City;Saffronia City;
CINNABAR_ISLAND;GS_FIELD17;GS_T_GUREN;GS_BASIC;GS_FIELD17;NONE;NONE;Cinnabar Island;Zinnoberinsel;
ROUTE_1;GS_FIELD9;GS_R_9_01;GS_BASIC;GS_FIELD9;NONE;NONE;Kanto Route Theme 1;Kanto-Routen-Thema 1;
ROUTE_3;GS_FIELD9;GS_R_9_03;GS_BASIC;GS_FIELD9;NONE;NONE;Kanto Route Theme 2;Kanto-Routen-Thema 2;
ROUTE_11;GS_FIELD10;GS_R_10_11;GS_BASIC;GS_FIELD11;NONE;NONE;Kanto Route Theme 3;Kanto-Routen-Thema 3;
ROUTE_24;GS_FIELD12;GS_R_12_24;GS_BASIC;GS_FIELD12;NONE;NONE;Kanto Route Theme 4;Kanto-Routen-Thema 4;
ROUTE_26;GS_FIELD1;GS_R_1_26;GS_BASIC;GS_FIELD1;NONE;NONE;Kanto Route Theme 5;Kanto-Routen-Thema 5;
MT_MOON;GS_DUNGEON6;GS_D_IWAYAMA;GS_BASIC;GS_DUNGEON6;NONE;NONE;Mt. Moon;Mondberg;
KANTO_VICTORY_ROAD;GS_DUNGEON6;GS_D_CHAMPROAD;GS_BASIC;GS_DUNGEON6;NONE;NONE;Victory Road;Siegesstraße;
600;DP;Sinnoh Sounds;Sinnoh-Töne;
ETERNA_FOREST;PL_BGM_DUNGEON;PL_D_02;PL_BASIC;PL_BGM_DUNGEON;NONE;NONE;Eterna Forest;Ewigwald;
SPRING_PATH;PL_BGM_DUNGEON;PL_D_03;PL_BASIC;PL_BGM_DUNGEON;NONE;NONE;Spring Path;Frühlingspfad;
LAKE_CAVE;PL_BGM_DUNGEON;PL_D_RYAYHY;PL_BASIC;PL_BGM_DUNGEON;NONE;NONE;Lake Cave;Seengrotte;
DISTORTION_WORLD;PL_BGM_DUNGEON;PL_D_GIRATINA;PL_BASIC;PL_BGM_DUNGEON;NONE;NONE;Distortion World;Zerrwelt;
700;BW;Unova Sounds;Einall-Töne;
UNOVA_GATE;BW_GATE;BW_GATE;NONE;NONE;NONE;BW_GATE;Unovian Gate;Einall-Tor;
BW_C_02;BW_C_02;BW_C_02;BW_C_02;NONE;NONE;NONE;Nacrene City;Septerna City;
BW_C_03;BW_C_03;BW_C_03;BW_C_03;NONE;NONE;NONE;Castelia City;Stratos City;
BW_C_07;BW_C_07;BW_C_07;BW_C_07;NONE;NONE;NONE;Icirrus City;Nevaio City;
BW_C_08_W;BW_C_08_W;BW_C_08_W;NONE;NONE;NONE;BW_C_08_W;Opelucid City (W);Twindrake City (W);
BW_C_10_B;BW_C_10_B;BW_C_10_B;BW_C_10_B;NONE;NONE;NONE;Black City;Schwarze Stadt;
BW_C_12;BW_C_12;BW_C_12;BW_C_12;NONE;NONE;NONE;Aspertia City;Eventura City;
BW_C_14;BW_C_14;BW_C_14;NONE;NONE;NONE;BW_C_14;Humilau City;Abidaya City;
BW_T_01;BW_T_01;BW_T_01;BW_T_01;NONE;NONE;NONE;Nuvema Town;Avenitia;
BW_T_03;BW_T_03;BW_T_03;BW_T_03;NONE;NONE;NONE;Anville Town;Ferrula;
BW_T_04;BW_T_04;BW_T_04;BW_T_04;NONE;NONE;NONE;Lacunosa Town;Tessera;
BW_T_05_AU;BW_T_05_AU;BW_T_05_AU;NONE;NONE;NONE;BW_T_05_AU;Undella Town (Autumn);Ondula (Herbst);
BW_T_07;BW_T_07;BW_T_07;BW_T_07;NONE;NONE;NONE;Lentimas Town;Monsentiero;
ROUTE_9;BW_R_E_SU;BW_R_E_SU;NONE;NONE;NONE;BW_R_E_SU;Unova Route Theme 5;Einall-Routen-Thema 5;
ROUTE_10;BW_R_F;BW_R_F;NONE;NONE;NONE;BW_R_F;Unova Route Theme 6;Einall-Routen-Thema 6;
BW_D_04;BW_D_04;BW_D_04;NONE;NONE;NONE;BW_D_04;Relic Castle;Alter Palast;
BW_D_05;BW_D_05;BW_D_05;NONE;NONE;NONE;BW_D_05;Dragonspiral Tower;Drachenstiege;
BW_D_06;BW_D_06;BW_D_06;NONE;NONE;NONE;BW_D_06;Lostlorn Forest;Hain der Täuschung;
BW_POKEMON_LEAGUE2;BW_POKEMON_LEAGUE2;BW_POKEMON_LEAGUE2;NONE;NONE;NONE;BW_POKEMON_LEAGUE2;PKMN League (Unova);PKMN-Liga (Einall);
